product_id,Name,menu_id,price
1,Sausages Tasty,1,12.0
2,Soap Practical,1,11.0
3,Chicken Modern,1,10.0
4,Shoes Electronic,2,6.0
5,Chips Elegant,2,10.0
6,Keyboard Recycled,2,11.0
7,Car Modern,3,7.0
8,Soap Gorgeous,3,13.0
9,Computer Modern,3,11.0
10,Mouse Intelligent,4,12.0
11,Soap Luxurious,4,5.0
12,Shirt Unbranded,4,8.0
13,Sausages Intelligent,5,7.0
14,Mouse Licensed,5,6.0
15,Gloves Handmade,5,7.0
16,Tuna Luxurious,6,15.0
17,Chips Bespoke,6,5.0
18,Salad Tasty,6,5.0
19,Chicken Tasty,7,15.0
20,Soap Oriental,7,7.0
21,Car Generic,7,5.0
22,Ball Oriental,8,10.0
23,Sausages Tasty,8,14.0
24,Towels Refined,8,9.0
25,Keyboard Generic,9,10.0
26,Car Licensed,9,5.0
27,Towels Modern,9,7.0
28,Chicken Ergonomic,10,13.0
29,Car Sleek,10,11.0
30,Computer Practical,10,10.0
31,Pants Handmade,11,14.0
32,Table Tasty,11,15.0
33,Table Elegant,11,9.0
34,Gloves Practical,12,12.0
35,Towels Refined,12,11.0
36,Tuna Small,12,7.0
37,Hat Sleek,13,11.0
38,Fish Refined,13,10.0
39,Hat Practical,13,12.0
40,Chicken Recycled,14,7.0
41,Towels Refined,14,9.0
42,Bacon Practical,14,8.0
43,Pants Licensed,15,13.0
44,Keyboard Licensed,15,8.0
45,Soap Small,15,7.0
46,Computer Practical,16,12.0
47,Car Unbranded,16,12.0
48,Table Tasty,16,10.0
49,Pizza Fantastic,17,15.0
50,Pizza Elegant,17,7.0
51,Hat Intelligent,17,9.0
52,Hat Modern,18,8.0
53,Pizza Tasty,18,14.0
54,Hat Modern,18,9.0
55,Tuna Bespoke,19,6.0
56,Pizza Electronic,19,7.0
57,Chair Handcrafted,19,11.0
58,Computer Gorgeous,20,13.0
59,Chair Generic,20,7.0
60,Sausages Modern,20,8.0
61,Pizza Generic,21,7.0
62,Soap Incredible,21,6.0
63,Cheese Recycled,21,5.0
64,Pants Gorgeous,22,12.0
65,Pants Unbranded,22,12.0
66,Fish Practical,22,14.0
67,Mouse Tasty,23,13.0
68,Fish Oriental,23,6.0
69,Mouse Practical,23,15.0
70,Computer Awesome,24,15.0
71,Bike Handmade,24,7.0
72,Computer Elegant,24,11.0
73,Pizza Handmade,25,8.0
74,Soap Generic,25,7.0
75,Salad Gorgeous,25,7.0
76,Shirt Incredible,26,13.0
77,Gloves Sleek,26,12.0
78,Shirt Licensed,26,5.0
79,Hat Elegant,27,7.0
80,Chips Bespoke,27,10.0
81,Keyboard Awesome,27,9.0
82,Car Intelligent,28,13.0
83,Bacon Recycled,28,13.0
84,Sausages Rustic,28,15.0
85,Towels Generic,29,10.0
86,Ball Recycled,29,12.0
87,Keyboard Oriental,29,14.0
88,Chicken Ergonomic,30,15.0
89,Pants Awesome,30,12.0
90,Car Unbranded,30,12.0
91,Gloves Elegant,31,11.0
92,Bacon Incredible,31,6.0
93,Table Practical,31,5.0
94,Bacon Modern,32,14.0
95,Shoes Intelligent,32,10.0
96,Towels Recycled,32,14.0
97,Car Gorgeous,33,10.0
98,Gloves Recycled,33,6.0
99,Salad Ergonomic,33,15.0
100,Shirt Ergonomic,34,15.0
101,Chicken Electronic,34,7.0
102,Tuna Bespoke,34,9.0
103,Soap Ergonomic,35,7.0
104,Towels Licensed,35,15.0
105,Gloves Luxurious,35,10.0
106,Soap Ergonomic,36,6.0
107,Car Modern,36,5.0
108,Fish Licensed,36,10.0
109,Gloves Awesome,37,12.0
110,Gloves Bespoke,37,14.0
111,Bike Small,37,12.0
112,Soap Practical,38,5.0
113,Fish Ergonomic,38,5.0
114,Computer Small,38,11.0
115,Table Elegant,39,14.0
116,Keyboard Elegant,39,12.0
117,Shirt Fantastic,39,11.0
118,Salad Handmade,40,7.0
119,Chips Intelligent,40,6.0
120,Shoes Incredible,40,10.0
121,Computer Oriental,41,7.0
122,Sausages Luxurious,41,8.0
123,Chicken Awesome,41,13.0
124,Table Small,42,15.0
125,Ball Modern,42,10.0
126,Computer Elegant,42,7.0
127,Chicken Unbranded,43,9.0
128,Keyboard Practical,43,14.0
129,Soap Fantastic,43,5.0
130,Computer Handmade,44,11.0
131,Sausages Generic,44,8.0
132,Computer Small,44,13.0
133,Fish Oriental,45,6.0
134,Shoes Generic,45,6.0
135,Bacon Gorgeous,45,12.0
136,Bacon Elegant,46,8.0
137,Shoes Recycled,46,15.0
138,Hat Recycled,46,9.0
139,Gloves Ergonomic,47,8.0
140,Shirt Oriental,47,5.0
141,Computer Modern,47,13.0
142,Tuna Handmade,48,10.0
143,Car Refined,48,11.0
144,Car Sleek,48,5.0
145,Car Handcrafted,49,8.0
146,Chicken Licensed,49,15.0
147,Shoes Tasty,49,10.0
148,Keyboard Fantastic,50,5.0
149,Chips Rustic,50,11.0
150,Fish Gorgeous,50,13.0
151,Sausages Bespoke,51,11.0
152,Pizza Awesome,51,11.0
153,Soap Elegant,51,12.0
154,Chair Rustic,52,9.0
155,Gloves Practical,52,6.0
156,Chips Sleek,52,12.0
157,Shoes Bespoke,53,15.0
158,Pizza Electronic,53,15.0
159,Ball Unbranded,53,8.0
160,Fish Handmade,54,10.0
161,Soap Small,54,10.0
162,Hat Ergonomic,54,15.0
163,Tuna Small,55,5.0
164,Towels Refined,55,5.0
165,Fish Licensed,55,8.0
166,Fish Small,56,6.0
167,Ball Intelligent,56,14.0
168,Cheese Gorgeous,56,7.0
169,Cheese Licensed,57,9.0
170,Chair Modern,57,7.0
171,Towels Licensed,57,10.0
172,Ball Oriental,58,9.0
173,Table Licensed,58,9.0
174,Shirt Unbranded,58,5.0
175,Bike Refined,59,15.0
176,Salad Ergonomic,59,8.0
177,Computer Ergonomic,59,15.0
178,Mouse Refined,60,9.0
179,Chicken Tasty,60,5.0
180,Bike Sleek,60,15.0
181,Chair Bespoke,61,7.0
182,Table Unbranded,61,6.0
183,Fish Unbranded,61,11.0
184,Shoes Bespoke,62,6.0
185,Chair Licensed,62,14.0
186,Cheese Small,62,7.0
187,Shoes Gorgeous,63,10.0
188,Gloves Handcrafted,63,10.0
189,Mouse Awesome,63,12.0
190,Chair Elegant,64,7.0
191,Pizza Handmade,64,15.0
192,Chips Awesome,64,13.0
193,Car Oriental,65,15.0
194,Chair Tasty,65,10.0
195,Keyboard Electronic,65,10.0
196,Pizza Elegant,66,13.0
197,Car Tasty,66,12.0
198,Pizza Generic,66,15.0
199,Hat Handmade,67,15.0
200,Pants Gorgeous,67,5.0
201,Chips Elegant,67,7.0
202,Bike Luxurious,68,10.0
203,Chair Unbranded,68,10.0
204,Car Bespoke,68,13.0
205,Hat Generic,69,10.0
206,Towels Electronic,69,15.0
207,Pizza Luxurious,69,14.0
208,Car Awesome,70,12.0
209,Shirt Handmade,70,10.0
210,Shoes Small,70,9.0
211,Cheese Modern,71,8.0
212,Computer Unbranded,71,15.0
213,Hat Modern,71,5.0
214,Keyboard Unbranded,72,6.0
215,Car Handcrafted,72,12.0
216,Pizza Refined,72,15.0
217,Chair Rustic,73,8.0
218,Towels Handmade,73,11.0
219,Pizza Recycled,73,7.0
220,Mouse Electronic,74,10.0
221,Car Bespoke,74,7.0
222,Chicken Electronic,74,8.0
223,Mouse Luxurious,75,14.0
224,Bacon Licensed,75,5.0
225,Towels Luxurious,75,6.0
226,Sausages Generic,76,11.0
227,Computer Elegant,76,10.0
228,Hat Elegant,76,7.0
229,Salad Gorgeous,77,8.0
230,Salad Handcrafted,77,12.0
231,Car Intelligent,77,7.0
232,Sausages Fantastic,78,15.0
233,Chicken Tasty,78,8.0
234,Table Generic,78,14.0
235,Shoes Refined,79,15.0
236,Sausages Bespoke,79,6.0
237,Pizza Modern,79,10.0
238,Pants Bespoke,80,9.0
239,Tuna Oriental,80,10.0
240,Cheese Small,80,8.0
241,Pizza Fantastic,81,10.0
242,Chicken Sleek,81,12.0
243,Pants Intelligent,81,6.0
244,Bike Handmade,82,14.0
245,Soap Fantastic,82,15.0
246,Chips Handmade,82,8.0
247,Bike Fantastic,83,12.0
248,Bacon Handmade,83,9.0
249,Car Practical,83,9.0
250,Car Generic,84,7.0
251,Table Tasty,84,14.0
252,Gloves Generic,84,5.0
253,Chair Intelligent,85,14.0
254,Cheese Awesome,85,9.0
255,Cheese Recycled,85,11.0
256,Tuna Luxurious,86,15.0
257,Towels Ergonomic,86,5.0
258,Salad Incredible,86,7.0
259,Bike Generic,87,14.0
260,Cheese Practical,87,12.0
261,Ball Elegant,87,15.0
262,Sausages Awesome,88,5.0
263,Towels Licensed,88,12.0
264,Towels Practical,88,15.0
265,Bacon Luxurious,89,11.0
266,Chicken Intelligent,89,7.0
267,Soap Unbranded,89,10.0
268,Soap Intelligent,90,14.0
269,Shirt Rustic,90,8.0
270,Tuna Gorgeous,90,10.0
271,Sausages Electronic,91,7.0
272,Cheese Oriental,91,13.0
273,Chicken Incredible,91,12.0
274,Chair Refined,92,7.0
275,Car Intelligent,92,11.0
276,Towels Gorgeous,92,15.0
277,Mouse Oriental,93,10.0
278,Pants Fantastic,93,14.0
279,Chair Recycled,93,6.0
280,Soap Gorgeous,94,9.0
281,Car Licensed,94,7.0
282,Shirt Generic,94,6.0
283,Sausages Sleek,95,7.0
284,Sausages Rustic,95,14.0
285,Cheese Tasty,95,9.0
286,Computer Handcrafted,96,9.0
287,Mouse Incredible,96,10.0
288,Pants Gorgeous,96,6.0
289,Mouse Electronic,97,14.0
290,Chicken Awesome,97,8.0
291,Towels Small,97,11.0
292,Soap Oriental,98,6.0
293,Shoes Practical,98,14.0
294,Gloves Ergonomic,98,6.0
295,Bacon Handmade,99,15.0
296,Cheese Bespoke,99,7.0
297,Table Small,99,8.0
298,Hat Recycled,100,5.0
299,Pants Sleek,100,9.0
300,Cheese Refined,100,7.0
301,Keyboard Tasty,101,8.0
302,Fish Rustic,101,13.0
303,Soap Modern,101,9.0
304,Salad Sleek,102,7.0
305,Salad Incredible,102,9.0
306,Chair Sleek,102,6.0
307,Chips Small,103,10.0
308,Car Generic,103,5.0
309,Mouse Gorgeous,103,7.0
310,Shoes Recycled,104,9.0
311,Tuna Bespoke,104,7.0
312,Computer Luxurious,104,11.0
