product_id,name,menu_id,order_id,price
1,Sausages Tasty,1,79,12.0
1,Sausages Tasty,1,189,12.0
1,Sausages Tasty,1,290,12.0
2,Soap Practical,1,29,11.0
2,Soap Practical,1,76,11.0
4,Shoes Electronic,2,266,6.0
4,Shoes Electronic,2,336,6.0
4,Shoes Electronic,2,390,6.0
5,Chips Elegant,2,46,10.0
5,Chips Elegant,2,162,10.0
5,Chips Elegant,2,385,10.0
5,Chips Elegant,2,445,10.0
6,Keyboard Recycled,2,30,11.0
6,Keyboard Recycled,2,199,11.0
6,Keyboard Recycled,2,249,11.0
6,Keyboard Recycled,2,292,11.0
8,Soap Gorgeous,3,352,13.0
8,Soap Gorgeous,3,374,13.0
8,Soap Gorgeous,3,471,13.0
9,Computer Modern,3,134,11.0
10,Mouse Intelligent,4,64,12.0
10,Mouse Intelligent,4,296,12.0
10,Mouse Intelligent,4,399,12.0
11,Soap Luxurious,4,294,5.0
11,Soap Luxurious,4,317,5.0
11,Soap Luxurious,4,475,5.0
12,Shirt Unbranded,4,27,8.0
12,Shirt Unbranded,4,41,8.0
12,Shirt Unbranded,4,80,8.0
12,Shirt Unbranded,4,257,8.0
12,Shirt Unbranded,4,303,8.0
12,Shirt Unbranded,4,369,8.0
12,Shirt Unbranded,4,395,8.0
13,Sausages Intelligent,5,256,7.0
13,Sausages Intelligent,5,289,7.0
14,Mouse Licensed,5,148,6.0
14,Mouse Licensed,5,326,6.0
14,Mouse Licensed,5,335,6.0
14,Mouse Licensed,5,491,6.0
15,Gloves Handmade,5,200,7.0
15,Gloves Handmade,5,436,7.0
16,Tuna Luxurious,6,26,15.0
16,Tuna Luxurious,6,208,15.0
17,Chips Bespoke,6,311,5.0
18,Salad Tasty,6,254,5.0
18,Salad Tasty,6,466,5.0
19,Chicken Tasty,7,70,15.0
19,Chicken Tasty,7,77,15.0
19,Chicken Tasty,7,213,15.0
19,Chicken Tasty,7,276,15.0
19,Chicken Tasty,7,371,15.0
20,Soap Oriental,7,46,7.0
20,Soap Oriental,7,104,7.0
20,Soap Oriental,7,293,7.0
21,Car Generic,7,142,5.0
21,Car Generic,7,222,5.0
22,Ball Oriental,8,244,10.0
22,Ball Oriental,8,310,10.0
22,Ball Oriental,8,324,10.0
22,Ball Oriental,8,467,10.0
23,Sausages Tasty,8,57,14.0
23,Sausages Tasty,8,283,14.0
23,Sausages Tasty,8,354,14.0
24,Towels Refined,8,140,9.0
24,Towels Refined,8,183,9.0
24,Towels Refined,8,274,9.0
24,Towels Refined,8,312,9.0
24,Towels Refined,8,390,9.0
24,Towels Refined,8,393,9.0
25,Keyboard Generic,9,67,10.0
25,Keyboard Generic,9,151,10.0
25,Keyboard Generic,9,237,10.0
25,Keyboard Generic,9,328,10.0
25,Keyboard Generic,9,392,10.0
25,Keyboard Generic,9,396,10.0
25,Keyboard Generic,9,441,10.0
26,Car Licensed,9,115,5.0
26,Car Licensed,9,290,5.0
26,Car Licensed,9,429,5.0
27,Towels Modern,9,270,7.0
27,Towels Modern,9,370,7.0
27,Towels Modern,9,427,7.0
27,Towels Modern,9,451,7.0
29,Car Sleek,10,81,11.0
29,Car Sleek,10,108,11.0
30,Computer Practical,10,179,10.0
30,Computer Practical,10,236,10.0
31,Pants Handmade,11,15,14.0
31,Pants Handmade,11,118,14.0
31,Pants Handmade,11,280,14.0
31,Pants Handmade,11,307,14.0
32,Table Tasty,11,178,15.0
32,Table Tasty,11,285,15.0
32,Table Tasty,11,444,15.0
32,Table Tasty,11,478,15.0
33,Table Elegant,11,221,9.0
33,Table Elegant,11,356,9.0
34,Gloves Practical,12,98,12.0
34,Gloves Practical,12,147,12.0
34,Gloves Practical,12,157,12.0
34,Gloves Practical,12,439,12.0
34,Gloves Practical,12,446,12.0
35,Towels Refined,12,25,11.0
35,Towels Refined,12,33,11.0
35,Towels Refined,12,87,11.0
35,Towels Refined,12,184,11.0
36,Tuna Small,12,35,7.0
36,Tuna Small,12,55,7.0
36,Tuna Small,12,313,7.0
36,Tuna Small,12,401,7.0
36,Tuna Small,12,480,7.0
37,Hat Sleek,13,154,11.0
37,Hat Sleek,13,298,11.0
37,Hat Sleek,13,344,11.0
37,Hat Sleek,13,408,11.0
37,Hat Sleek,13,430,11.0
37,Hat Sleek,13,462,11.0
38,Fish Refined,13,111,10.0
38,Fish Refined,13,318,10.0
38,Fish Refined,13,499,10.0
39,Hat Practical,13,196,12.0
39,Hat Practical,13,269,12.0
39,Hat Practical,13,345,12.0
39,Hat Practical,13,452,12.0
40,Chicken Recycled,14,18,7.0
40,Chicken Recycled,14,38,7.0
40,Chicken Recycled,14,141,7.0
40,Chicken Recycled,14,243,7.0
41,Towels Refined,14,265,9.0
41,Towels Refined,14,421,9.0
41,Towels Refined,14,437,9.0
42,Bacon Practical,14,93,8.0
42,Bacon Practical,14,361,8.0
43,Pants Licensed,15,230,13.0
44,Keyboard Licensed,15,16,8.0
44,Keyboard Licensed,15,82,8.0
44,Keyboard Licensed,15,329,8.0
44,Keyboard Licensed,15,393,8.0
45,Soap Small,15,349,7.0
45,Soap Small,15,413,7.0
46,Computer Practical,16,123,12.0
46,Computer Practical,16,324,12.0
46,Computer Practical,16,451,12.0
46,Computer Practical,16,477,12.0
47,Car Unbranded,16,78,12.0
47,Car Unbranded,16,107,12.0
47,Car Unbranded,16,161,12.0
47,Car Unbranded,16,181,12.0
48,Table Tasty,16,44,10.0
48,Table Tasty,16,164,10.0
48,Table Tasty,16,173,10.0
48,Table Tasty,16,186,10.0
48,Table Tasty,16,196,10.0
48,Table Tasty,16,328,10.0
48,Table Tasty,16,372,10.0
49,Pizza Fantastic,17,250,15.0
50,Pizza Elegant,17,54,7.0
51,Hat Intelligent,17,411,9.0
52,Hat Modern,18,171,8.0
52,Hat Modern,18,366,8.0
53,Pizza Tasty,18,319,14.0
54,Hat Modern,18,145,9.0
55,Tuna Bespoke,19,264,6.0
55,Tuna Bespoke,19,366,6.0
56,Pizza Electronic,19,71,7.0
56,Pizza Electronic,19,131,7.0
56,Pizza Electronic,19,333,7.0
56,Pizza Electronic,19,372,7.0
56,Pizza Electronic,19,404,7.0
56,Pizza Electronic,19,440,7.0
57,Chair Handcrafted,19,12,11.0
57,Chair Handcrafted,19,17,11.0
57,Chair Handcrafted,19,168,11.0
57,Chair Handcrafted,19,249,11.0
57,Chair Handcrafted,19,295,11.0
57,Chair Handcrafted,19,304,11.0
57,Chair Handcrafted,19,470,11.0
58,Computer Gorgeous,20,64,13.0
59,Chair Generic,20,240,7.0
59,Chair Generic,20,252,7.0
59,Chair Generic,20,299,7.0
60,Sausages Modern,20,149,8.0
60,Sausages Modern,20,270,8.0
60,Sausages Modern,20,398,8.0
61,Pizza Generic,21,109,7.0
61,Pizza Generic,21,493,7.0
62,Soap Incredible,21,25,6.0
62,Soap Incredible,21,175,6.0
62,Soap Incredible,21,231,6.0
62,Soap Incredible,21,469,6.0
63,Cheese Recycled,21,138,5.0
63,Cheese Recycled,21,152,5.0
64,Pants Gorgeous,22,20,12.0
64,Pants Gorgeous,22,305,12.0
64,Pants Gorgeous,22,391,12.0
64,Pants Gorgeous,22,415,12.0
65,Pants Unbranded,22,202,12.0
65,Pants Unbranded,22,258,12.0
66,Fish Practical,22,304,14.0
66,Fish Practical,22,424,14.0
67,Mouse Tasty,23,80,13.0
67,Mouse Tasty,23,275,13.0
67,Mouse Tasty,23,320,13.0
67,Mouse Tasty,23,379,13.0
68,Fish Oriental,23,122,6.0
68,Fish Oriental,23,205,6.0
68,Fish Oriental,23,413,6.0
69,Mouse Practical,23,251,15.0
69,Mouse Practical,23,309,15.0
69,Mouse Practical,23,473,15.0
70,Computer Awesome,24,414,15.0
70,Computer Awesome,24,422,15.0
71,Bike Handmade,24,60,7.0
71,Bike Handmade,24,148,7.0
71,Bike Handmade,24,224,7.0
72,Computer Elegant,24,329,11.0
74,Soap Generic,25,278,7.0
74,Soap Generic,25,362,7.0
75,Salad Gorgeous,25,272,7.0
75,Salad Gorgeous,25,308,7.0
75,Salad Gorgeous,25,407,7.0
75,Salad Gorgeous,25,455,7.0
76,Shirt Incredible,26,65,13.0
76,Shirt Incredible,26,223,13.0
76,Shirt Incredible,26,248,13.0
76,Shirt Incredible,26,301,13.0
76,Shirt Incredible,26,454,13.0
76,Shirt Incredible,26,490,13.0
77,Gloves Sleek,26,299,12.0
77,Gloves Sleek,26,406,12.0
78,Shirt Licensed,26,3,5.0
78,Shirt Licensed,26,217,5.0
78,Shirt Licensed,26,430,5.0
79,Hat Elegant,27,53,7.0
79,Hat Elegant,27,300,7.0
79,Hat Elegant,27,378,7.0
80,Chips Bespoke,27,11,10.0
80,Chips Bespoke,27,275,10.0
80,Chips Bespoke,27,353,10.0
81,Keyboard Awesome,27,347,9.0
81,Keyboard Awesome,27,476,9.0
82,Car Intelligent,28,231,13.0
82,Car Intelligent,28,247,13.0
82,Car Intelligent,28,383,13.0
82,Car Intelligent,28,432,13.0
82,Car Intelligent,28,436,13.0
82,Car Intelligent,28,480,13.0
83,Bacon Recycled,28,342,13.0
83,Bacon Recycled,28,363,13.0
84,Sausages Rustic,28,206,15.0
84,Sausages Rustic,28,378,15.0
84,Sausages Rustic,28,447,15.0
85,Towels Generic,29,165,10.0
85,Towels Generic,29,408,10.0
86,Ball Recycled,29,73,12.0
86,Ball Recycled,29,112,12.0
86,Ball Recycled,29,382,12.0
86,Ball Recycled,29,500,12.0
87,Keyboard Oriental,29,114,14.0
87,Keyboard Oriental,29,193,14.0
87,Keyboard Oriental,29,410,14.0
88,Chicken Ergonomic,30,448,15.0
89,Pants Awesome,30,6,12.0
89,Pants Awesome,30,198,12.0
89,Pants Awesome,30,347,12.0
89,Pants Awesome,30,354,12.0
89,Pants Awesome,30,462,12.0
90,Car Unbranded,30,48,12.0
91,Gloves Elegant,31,15,11.0
91,Gloves Elegant,31,106,11.0
91,Gloves Elegant,31,168,11.0
91,Gloves Elegant,31,218,11.0
91,Gloves Elegant,31,280,11.0
91,Gloves Elegant,31,307,11.0
91,Gloves Elegant,31,389,11.0
92,Bacon Incredible,31,65,6.0
92,Bacon Incredible,31,111,6.0
92,Bacon Incredible,31,169,6.0
92,Bacon Incredible,31,250,6.0
92,Bacon Incredible,31,417,6.0
93,Table Practical,31,9,5.0
93,Table Practical,31,191,5.0
93,Table Practical,31,264,5.0
94,Bacon Modern,32,316,14.0
95,Shoes Intelligent,32,498,10.0
96,Towels Recycled,32,334,14.0
98,Gloves Recycled,33,7,6.0
98,Gloves Recycled,33,113,6.0
98,Gloves Recycled,33,136,6.0
98,Gloves Recycled,33,155,6.0
98,Gloves Recycled,33,157,6.0
98,Gloves Recycled,33,181,6.0
98,Gloves Recycled,33,358,6.0
98,Gloves Recycled,33,446,6.0
98,Gloves Recycled,33,450,6.0
99,Salad Ergonomic,33,57,15.0
100,Shirt Ergonomic,34,403,15.0
101,Chicken Electronic,34,11,7.0
101,Chicken Electronic,34,14,7.0
101,Chicken Electronic,34,39,7.0
101,Chicken Electronic,34,62,7.0
101,Chicken Electronic,34,262,7.0
101,Chicken Electronic,34,273,7.0
101,Chicken Electronic,34,314,7.0
101,Chicken Electronic,34,449,7.0
101,Chicken Electronic,34,450,7.0
102,Tuna Bespoke,34,85,9.0
102,Tuna Bespoke,34,110,9.0
102,Tuna Bespoke,34,131,9.0
102,Tuna Bespoke,34,278,9.0
102,Tuna Bespoke,34,298,9.0
103,Soap Ergonomic,35,61,7.0
103,Soap Ergonomic,35,156,7.0
103,Soap Ergonomic,35,159,7.0
103,Soap Ergonomic,35,190,7.0
103,Soap Ergonomic,35,486,7.0
104,Towels Licensed,35,10,15.0
105,Gloves Luxurious,35,85,10.0
105,Gloves Luxurious,35,232,10.0
105,Gloves Luxurious,35,277,10.0
105,Gloves Luxurious,35,381,10.0
105,Gloves Luxurious,35,396,10.0
106,Soap Ergonomic,36,204,6.0
106,Soap Ergonomic,36,216,6.0
106,Soap Ergonomic,36,452,6.0
107,Car Modern,36,418,5.0
108,Fish Licensed,36,268,10.0
108,Fish Licensed,36,400,10.0
109,Gloves Awesome,37,90,12.0
109,Gloves Awesome,37,208,12.0
109,Gloves Awesome,37,409,12.0
109,Gloves Awesome,37,427,12.0
109,Gloves Awesome,37,440,12.0
109,Gloves Awesome,37,444,12.0
110,Gloves Bespoke,37,34,14.0
110,Gloves Bespoke,37,69,14.0
111,Bike Small,37,118,12.0
111,Bike Small,37,261,12.0
111,Bike Small,37,321,12.0
111,Bike Small,37,323,12.0
112,Soap Practical,38,183,5.0
112,Soap Practical,38,397,5.0
112,Soap Practical,38,453,5.0
113,Fish Ergonomic,38,387,5.0
114,Computer Small,38,3,11.0
114,Computer Small,38,90,11.0
114,Computer Small,38,113,11.0
114,Computer Small,38,225,11.0
115,Table Elegant,39,5,14.0
115,Table Elegant,39,184,14.0
115,Table Elegant,39,207,14.0
115,Table Elegant,39,222,14.0
116,Keyboard Elegant,39,4,12.0
116,Keyboard Elegant,39,143,12.0
116,Keyboard Elegant,39,227,12.0
116,Keyboard Elegant,39,346,12.0
117,Shirt Fantastic,39,40,11.0
117,Shirt Fantastic,39,266,11.0
117,Shirt Fantastic,39,302,11.0
117,Shirt Fantastic,39,412,11.0
118,Salad Handmade,40,229,7.0
119,Chips Intelligent,40,38,6.0
119,Chips Intelligent,40,47,6.0
119,Chips Intelligent,40,201,6.0
119,Chips Intelligent,40,426,6.0
119,Chips Intelligent,40,457,6.0
120,Shoes Incredible,40,42,10.0
120,Shoes Incredible,40,189,10.0
120,Shoes Incredible,40,330,10.0
120,Shoes Incredible,40,339,10.0
121,Computer Oriental,41,135,7.0
121,Computer Oriental,41,197,7.0
121,Computer Oriental,41,238,7.0
121,Computer Oriental,41,405,7.0
121,Computer Oriental,41,477,7.0
122,Sausages Luxurious,41,19,8.0
122,Sausages Luxurious,41,449,8.0
123,Chicken Awesome,41,136,13.0
123,Chicken Awesome,41,165,13.0
123,Chicken Awesome,41,262,13.0
123,Chicken Awesome,41,350,13.0
123,Chicken Awesome,41,447,13.0
123,Chicken Awesome,41,465,13.0
124,Table Small,42,50,15.0
124,Table Small,42,209,15.0
124,Table Small,42,343,15.0
124,Table Small,42,441,15.0
125,Ball Modern,42,23,10.0
126,Computer Elegant,42,77,7.0
126,Computer Elegant,42,120,7.0
126,Computer Elegant,42,495,7.0
127,Chicken Unbranded,43,91,9.0
127,Chicken Unbranded,43,456,9.0
128,Keyboard Practical,43,52,14.0
128,Keyboard Practical,43,97,14.0
128,Keyboard Practical,43,211,14.0
129,Soap Fantastic,43,20,5.0
129,Soap Fantastic,43,86,5.0
129,Soap Fantastic,43,142,5.0
129,Soap Fantastic,43,348,5.0
129,Soap Fantastic,43,356,5.0
130,Computer Handmade,44,344,11.0
131,Sausages Generic,44,207,8.0
132,Computer Small,44,371,13.0
132,Computer Small,44,399,13.0
133,Fish Oriental,45,10,6.0
133,Fish Oriental,45,68,6.0
133,Fish Oriental,45,88,6.0
133,Fish Oriental,45,268,6.0
133,Fish Oriental,45,334,6.0
133,Fish Oriental,45,487,6.0
134,Shoes Generic,45,110,6.0
134,Shoes Generic,45,162,6.0
134,Shoes Generic,45,319,6.0
134,Shoes Generic,45,481,6.0
135,Bacon Gorgeous,45,21,12.0
135,Bacon Gorgeous,45,256,12.0
135,Bacon Gorgeous,45,305,12.0
135,Bacon Gorgeous,45,423,12.0
136,Bacon Elegant,46,92,8.0
136,Bacon Elegant,46,245,8.0
136,Bacon Elegant,46,273,8.0
136,Bacon Elegant,46,357,8.0
136,Bacon Elegant,46,379,8.0
137,Shoes Recycled,46,66,15.0
137,Shoes Recycled,46,75,15.0
137,Shoes Recycled,46,130,15.0
137,Shoes Recycled,46,279,15.0
137,Shoes Recycled,46,295,15.0
137,Shoes Recycled,46,297,15.0
137,Shoes Recycled,46,461,15.0
137,Shoes Recycled,46,464,15.0
137,Shoes Recycled,46,471,15.0
138,Hat Recycled,46,51,9.0
138,Hat Recycled,46,76,9.0
138,Hat Recycled,46,163,9.0
138,Hat Recycled,46,479,9.0
139,Gloves Ergonomic,47,254,8.0
139,Gloves Ergonomic,47,340,8.0
139,Gloves Ergonomic,47,363,8.0
141,Computer Modern,47,69,13.0
141,Computer Modern,47,241,13.0
141,Computer Modern,47,303,13.0
141,Computer Modern,47,325,13.0
141,Computer Modern,47,494,13.0
141,Computer Modern,47,499,13.0
142,Tuna Handmade,48,209,10.0
142,Tuna Handmade,48,326,10.0
143,Car Refined,48,190,11.0
143,Car Refined,48,210,11.0
143,Car Refined,48,386,11.0
143,Car Refined,48,422,11.0
144,Car Sleek,48,9,5.0
144,Car Sleek,48,45,5.0
144,Car Sleek,48,67,5.0
144,Car Sleek,48,309,5.0
144,Car Sleek,48,346,5.0
145,Car Handcrafted,49,106,8.0
145,Car Handcrafted,49,224,8.0
146,Chicken Licensed,49,28,15.0
146,Chicken Licensed,49,458,15.0
147,Shoes Tasty,49,337,10.0
147,Shoes Tasty,49,353,10.0
148,Keyboard Fantastic,50,122,5.0
148,Keyboard Fantastic,50,287,5.0
148,Keyboard Fantastic,50,488,5.0
149,Chips Rustic,50,146,11.0
149,Chips Rustic,50,166,11.0
149,Chips Rustic,50,394,11.0
150,Fish Gorgeous,50,193,13.0
150,Fish Gorgeous,50,241,13.0
150,Fish Gorgeous,50,327,13.0
150,Fish Gorgeous,50,466,13.0
151,Sausages Bespoke,51,239,11.0
151,Sausages Bespoke,51,260,11.0
151,Sausages Bespoke,51,308,11.0
151,Sausages Bespoke,51,387,11.0
151,Sausages Bespoke,51,481,11.0
152,Pizza Awesome,51,102,11.0
152,Pizza Awesome,51,179,11.0
153,Soap Elegant,51,384,12.0
154,Chair Rustic,52,18,9.0
154,Chair Rustic,52,54,9.0
154,Chair Rustic,52,431,9.0
154,Chair Rustic,52,491,9.0
155,Gloves Practical,52,22,6.0
156,Chips Sleek,52,267,12.0
156,Chips Sleek,52,343,12.0
156,Chips Sleek,52,351,12.0
156,Chips Sleek,52,434,12.0
157,Shoes Bespoke,53,33,15.0
157,Shoes Bespoke,53,95,15.0
157,Shoes Bespoke,53,109,15.0
157,Shoes Bespoke,53,246,15.0
157,Shoes Bespoke,53,351,15.0
157,Shoes Bespoke,53,433,15.0
158,Pizza Electronic,53,26,15.0
158,Pizza Electronic,53,263,15.0
159,Ball Unbranded,53,282,8.0
159,Ball Unbranded,53,306,8.0
160,Fish Handmade,54,112,10.0
160,Fish Handmade,54,235,10.0
160,Fish Handmade,54,327,10.0
160,Fish Handmade,54,333,10.0
161,Soap Small,54,145,10.0
161,Soap Small,54,406,10.0
162,Hat Ergonomic,54,51,15.0
162,Hat Ergonomic,54,143,15.0
162,Hat Ergonomic,54,214,15.0
163,Tuna Small,55,317,5.0
163,Tuna Small,55,323,5.0
163,Tuna Small,55,339,5.0
163,Tuna Small,55,389,5.0
163,Tuna Small,55,419,5.0
163,Tuna Small,55,423,5.0
164,Towels Refined,55,8,5.0
164,Towels Refined,55,212,5.0
164,Towels Refined,55,313,5.0
166,Fish Small,56,63,6.0
166,Fish Small,56,403,6.0
166,Fish Small,56,420,6.0
167,Ball Intelligent,56,34,14.0
167,Ball Intelligent,56,60,14.0
167,Ball Intelligent,56,182,14.0
167,Ball Intelligent,56,253,14.0
168,Cheese Gorgeous,56,153,7.0
168,Cheese Gorgeous,56,203,7.0
168,Cheese Gorgeous,56,246,7.0
168,Cheese Gorgeous,56,486,7.0
169,Cheese Licensed,57,221,9.0
169,Cheese Licensed,57,410,9.0
169,Cheese Licensed,57,474,9.0
169,Cheese Licensed,57,476,9.0
170,Chair Modern,57,120,7.0
170,Chair Modern,57,124,7.0
170,Chair Modern,57,199,7.0
170,Chair Modern,57,488,7.0
171,Towels Licensed,57,86,10.0
171,Towels Licensed,57,192,10.0
171,Towels Licensed,57,240,10.0
171,Towels Licensed,57,265,10.0
171,Towels Licensed,57,475,10.0
172,Ball Oriental,58,42,9.0
172,Ball Oriental,58,97,9.0
172,Ball Oriental,58,138,9.0
172,Ball Oriental,58,215,9.0
172,Ball Oriental,58,375,9.0
172,Ball Oriental,58,416,9.0
172,Ball Oriental,58,438,9.0
173,Table Licensed,58,24,9.0
173,Table Licensed,58,36,9.0
173,Table Licensed,58,119,9.0
173,Table Licensed,58,137,9.0
173,Table Licensed,58,174,9.0
173,Table Licensed,58,200,9.0
173,Table Licensed,58,321,9.0
173,Table Licensed,58,484,9.0
173,Table Licensed,58,487,9.0
174,Shirt Unbranded,58,13,5.0
174,Shirt Unbranded,58,93,5.0
174,Shirt Unbranded,58,238,5.0
174,Shirt Unbranded,58,345,5.0
175,Bike Refined,59,84,15.0
175,Bike Refined,59,167,15.0
175,Bike Refined,59,297,15.0
176,Salad Ergonomic,59,216,8.0
176,Salad Ergonomic,59,269,8.0
176,Salad Ergonomic,59,335,8.0
176,Salad Ergonomic,59,341,8.0
176,Salad Ergonomic,59,496,8.0
178,Mouse Refined,60,198,9.0
178,Mouse Refined,60,300,9.0
179,Chicken Tasty,60,420,5.0
179,Chicken Tasty,60,425,5.0
180,Bike Sleek,60,83,15.0
180,Bike Sleek,60,91,15.0
180,Bike Sleek,60,105,15.0
180,Bike Sleek,60,130,15.0
180,Bike Sleek,60,253,15.0
181,Chair Bespoke,61,12,7.0
181,Chair Bespoke,61,71,7.0
181,Chair Bespoke,61,161,7.0
181,Chair Bespoke,61,405,7.0
182,Table Unbranded,61,37,6.0
182,Table Unbranded,61,202,6.0
182,Table Unbranded,61,315,6.0
182,Table Unbranded,61,336,6.0
182,Table Unbranded,61,402,6.0
183,Fish Unbranded,61,50,11.0
183,Fish Unbranded,61,144,11.0
183,Fish Unbranded,61,160,11.0
183,Fish Unbranded,61,219,11.0
183,Fish Unbranded,61,226,11.0
183,Fish Unbranded,61,251,11.0
183,Fish Unbranded,61,282,11.0
183,Fish Unbranded,61,472,11.0
184,Shoes Bespoke,62,14,6.0
184,Shoes Bespoke,62,79,6.0
184,Shoes Bespoke,62,284,6.0
184,Shoes Bespoke,62,293,6.0
184,Shoes Bespoke,62,374,6.0
184,Shoes Bespoke,62,388,6.0
184,Shoes Bespoke,62,489,6.0
185,Chair Licensed,62,24,14.0
185,Chair Licensed,62,188,14.0
185,Chair Licensed,62,211,14.0
185,Chair Licensed,62,482,14.0
186,Cheese Small,62,49,7.0
187,Shoes Gorgeous,63,126,10.0
187,Shoes Gorgeous,63,210,10.0
187,Shoes Gorgeous,63,381,10.0
187,Shoes Gorgeous,63,428,10.0
188,Gloves Handcrafted,63,151,10.0
188,Gloves Handcrafted,63,229,10.0
188,Gloves Handcrafted,63,359,10.0
189,Mouse Awesome,63,36,12.0
189,Mouse Awesome,63,47,12.0
189,Mouse Awesome,63,286,12.0
189,Mouse Awesome,63,402,12.0
190,Chair Elegant,64,73,7.0
190,Chair Elegant,64,180,7.0
190,Chair Elegant,64,261,7.0
192,Chips Awesome,64,83,13.0
192,Chips Awesome,64,291,13.0
192,Chips Awesome,64,497,13.0
193,Car Oriental,65,52,15.0
193,Car Oriental,65,108,15.0
193,Car Oriental,65,132,15.0
193,Car Oriental,65,187,15.0
193,Car Oriental,65,352,15.0
193,Car Oriental,65,482,15.0
194,Chair Tasty,65,78,10.0
195,Keyboard Electronic,65,101,10.0
195,Keyboard Electronic,65,442,10.0
196,Pizza Elegant,66,172,13.0
196,Pizza Elegant,66,180,13.0
197,Car Tasty,66,178,12.0
197,Car Tasty,66,227,12.0
197,Car Tasty,66,492,12.0
198,Pizza Generic,66,461,15.0
199,Hat Handmade,67,41,15.0
199,Hat Handmade,67,105,15.0
199,Hat Handmade,67,175,15.0
200,Pants Gorgeous,67,16,5.0
200,Pants Gorgeous,67,59,5.0
200,Pants Gorgeous,67,140,5.0
200,Pants Gorgeous,67,226,5.0
201,Chips Elegant,67,8,7.0
201,Chips Elegant,67,191,7.0
201,Chips Elegant,67,469,7.0
202,Bike Luxurious,68,442,10.0
202,Bike Luxurious,68,470,10.0
203,Chair Unbranded,68,35,10.0
203,Chair Unbranded,68,306,10.0
204,Car Bespoke,68,44,13.0
204,Car Bespoke,68,194,13.0
204,Car Bespoke,68,232,13.0
204,Car Bespoke,68,243,13.0
204,Car Bespoke,68,291,13.0
205,Hat Generic,69,29,10.0
205,Hat Generic,69,187,10.0
205,Hat Generic,69,368,10.0
205,Hat Generic,69,496,10.0
206,Towels Electronic,69,463,15.0
207,Pizza Luxurious,69,40,14.0
207,Pizza Luxurious,69,404,14.0
207,Pizza Luxurious,69,437,14.0
208,Car Awesome,70,56,12.0
208,Car Awesome,70,146,12.0
208,Car Awesome,70,233,12.0
209,Shirt Handmade,70,75,10.0
209,Shirt Handmade,70,322,10.0
209,Shirt Handmade,70,367,10.0
210,Shoes Small,70,45,9.0
210,Shoes Small,70,164,9.0
210,Shoes Small,70,302,9.0
211,Cheese Modern,71,58,8.0
211,Cheese Modern,71,281,8.0
212,Computer Unbranded,71,342,15.0
213,Hat Modern,71,281,5.0
213,Hat Modern,71,296,5.0
213,Hat Modern,71,426,5.0
213,Hat Modern,71,468,5.0
214,Keyboard Unbranded,72,13,6.0
214,Keyboard Unbranded,72,377,6.0
215,Car Handcrafted,72,1,12.0
215,Car Handcrafted,72,234,12.0
215,Car Handcrafted,72,279,12.0
215,Car Handcrafted,72,439,12.0
216,Pizza Refined,72,72,15.0
216,Pizza Refined,72,103,15.0
216,Pizza Refined,72,271,15.0
216,Pizza Refined,72,435,15.0
217,Chair Rustic,73,89,8.0
217,Chair Rustic,73,117,8.0
217,Chair Rustic,73,257,8.0
217,Chair Rustic,73,260,8.0
217,Chair Rustic,73,368,8.0
218,Towels Handmade,73,163,11.0
218,Towels Handmade,73,182,11.0
218,Towels Handmade,73,380,11.0
219,Pizza Recycled,73,217,7.0
219,Pizza Recycled,73,448,7.0
220,Mouse Electronic,74,116,10.0
220,Mouse Electronic,74,220,10.0
221,Car Bespoke,74,153,7.0
221,Car Bespoke,74,376,7.0
223,Mouse Luxurious,75,170,14.0
224,Bacon Licensed,75,412,5.0
224,Bacon Licensed,75,479,5.0
225,Towels Luxurious,75,94,6.0
225,Towels Luxurious,75,228,6.0
226,Sausages Generic,76,43,11.0
227,Computer Elegant,76,100,10.0
227,Computer Elegant,76,139,10.0
228,Hat Elegant,76,7,7.0
228,Hat Elegant,76,23,7.0
228,Hat Elegant,76,355,7.0
229,Salad Gorgeous,77,128,8.0
229,Salad Gorgeous,77,129,8.0
229,Salad Gorgeous,77,147,8.0
230,Salad Handcrafted,77,384,12.0
230,Salad Handcrafted,77,394,12.0
231,Car Intelligent,77,176,7.0
231,Car Intelligent,77,177,7.0
231,Car Intelligent,77,247,7.0
231,Car Intelligent,77,360,7.0
231,Car Intelligent,77,370,7.0
231,Car Intelligent,77,490,7.0
231,Car Intelligent,77,493,7.0
231,Car Intelligent,77,500,7.0
232,Sausages Fantastic,78,81,15.0
232,Sausages Fantastic,78,115,15.0
232,Sausages Fantastic,78,121,15.0
232,Sausages Fantastic,78,135,15.0
232,Sausages Fantastic,78,152,15.0
232,Sausages Fantastic,78,156,15.0
232,Sausages Fantastic,78,186,15.0
232,Sausages Fantastic,78,288,15.0
232,Sausages Fantastic,78,419,15.0
232,Sausages Fantastic,78,485,15.0
232,Sausages Fantastic,78,494,15.0
233,Chicken Tasty,78,288,8.0
234,Table Generic,78,32,14.0
234,Table Generic,78,167,14.0
234,Table Generic,78,483,14.0
235,Shoes Refined,79,464,15.0
236,Sausages Bespoke,79,30,6.0
236,Sausages Bespoke,79,107,6.0
237,Pizza Modern,79,255,10.0
238,Pants Bespoke,80,337,9.0
238,Pants Bespoke,80,478,9.0
239,Tuna Oriental,80,87,10.0
239,Tuna Oriental,80,124,10.0
239,Tuna Oriental,80,287,10.0
239,Tuna Oriental,80,311,10.0
239,Tuna Oriental,80,361,10.0
239,Tuna Oriental,80,456,10.0
240,Cheese Small,80,58,8.0
240,Cheese Small,80,149,8.0
240,Cheese Small,80,314,8.0
241,Pizza Fantastic,81,6,10.0
241,Pizza Fantastic,81,95,10.0
241,Pizza Fantastic,81,223,10.0
241,Pizza Fantastic,81,383,10.0
242,Chicken Sleek,81,43,12.0
242,Chicken Sleek,81,128,12.0
243,Pants Intelligent,81,21,6.0
243,Pants Intelligent,81,159,6.0
243,Pants Intelligent,81,382,6.0
243,Pants Intelligent,81,421,6.0
243,Pants Intelligent,81,495,6.0
244,Bike Handmade,82,332,14.0
244,Bike Handmade,82,463,14.0
245,Soap Fantastic,82,150,15.0
245,Soap Fantastic,82,235,15.0
245,Soap Fantastic,82,458,15.0
246,Chips Handmade,82,144,8.0
246,Chips Handmade,82,277,8.0
246,Chips Handmade,82,474,8.0
247,Bike Fantastic,83,89,12.0
248,Bacon Handmade,83,5,9.0
248,Bacon Handmade,83,63,9.0
248,Bacon Handmade,83,70,9.0
248,Bacon Handmade,83,318,9.0
249,Car Practical,83,56,9.0
249,Car Practical,83,435,9.0
250,Car Generic,84,84,7.0
250,Car Generic,84,192,7.0
250,Car Generic,84,201,7.0
251,Table Tasty,84,214,14.0
251,Table Tasty,84,331,14.0
251,Table Tasty,84,359,14.0
251,Table Tasty,84,365,14.0
251,Table Tasty,84,416,14.0
251,Table Tasty,84,445,14.0
251,Table Tasty,84,460,14.0
252,Gloves Generic,84,195,5.0
252,Gloves Generic,84,197,5.0
252,Gloves Generic,84,259,5.0
252,Gloves Generic,84,310,5.0
252,Gloves Generic,84,392,5.0
252,Gloves Generic,84,457,5.0
253,Chair Intelligent,85,245,14.0
253,Chair Intelligent,85,358,14.0
253,Chair Intelligent,85,376,14.0
253,Chair Intelligent,85,388,14.0
253,Chair Intelligent,85,395,14.0
254,Cheese Awesome,85,39,9.0
254,Cheese Awesome,85,239,9.0
254,Cheese Awesome,85,373,9.0
254,Cheese Awesome,85,424,9.0
255,Cheese Recycled,85,88,11.0
255,Cheese Recycled,85,139,11.0
255,Cheese Recycled,85,242,11.0
255,Cheese Recycled,85,316,11.0
255,Cheese Recycled,85,431,11.0
255,Cheese Recycled,85,432,11.0
256,Tuna Luxurious,86,99,15.0
256,Tuna Luxurious,86,401,15.0
256,Tuna Luxurious,86,497,15.0
257,Towels Ergonomic,86,272,5.0
257,Towels Ergonomic,86,283,5.0
257,Towels Ergonomic,86,340,5.0
257,Towels Ergonomic,86,367,5.0
258,Salad Incredible,86,104,7.0
258,Salad Incredible,86,141,7.0
258,Salad Incredible,86,166,7.0
258,Salad Incredible,86,460,7.0
259,Bike Generic,87,125,14.0
259,Bike Generic,87,150,14.0
259,Bike Generic,87,454,14.0
260,Cheese Practical,87,177,12.0
260,Cheese Practical,87,215,12.0
260,Cheese Practical,87,276,12.0
261,Ball Elegant,87,133,15.0
261,Ball Elegant,87,169,15.0
261,Ball Elegant,87,225,15.0
261,Ball Elegant,87,348,15.0
261,Ball Elegant,87,373,15.0
261,Ball Elegant,87,459,15.0
262,Sausages Awesome,88,237,5.0
262,Sausages Awesome,88,292,5.0
262,Sausages Awesome,88,355,5.0
262,Sausages Awesome,88,364,5.0
262,Sausages Awesome,88,428,5.0
263,Towels Licensed,88,364,12.0
264,Towels Practical,88,72,15.0
264,Towels Practical,88,127,15.0
264,Towels Practical,88,188,15.0
264,Towels Practical,88,219,15.0
265,Bacon Luxurious,89,49,11.0
266,Chicken Intelligent,89,230,7.0
266,Chicken Intelligent,89,338,7.0
266,Chicken Intelligent,89,386,7.0
266,Chicken Intelligent,89,414,7.0
267,Soap Unbranded,89,22,10.0
267,Soap Unbranded,89,100,10.0
267,Soap Unbranded,89,357,10.0
267,Soap Unbranded,89,397,10.0
268,Soap Intelligent,90,68,14.0
268,Soap Intelligent,90,349,14.0
269,Shirt Rustic,90,137,8.0
269,Shirt Rustic,90,350,8.0
269,Shirt Rustic,90,398,8.0
270,Tuna Gorgeous,90,377,10.0
271,Sausages Electronic,91,248,7.0
272,Cheese Oriental,91,365,13.0
273,Chicken Incredible,91,116,12.0
273,Chicken Incredible,91,160,12.0
273,Chicken Incredible,91,171,12.0
274,Chair Refined,92,132,7.0
274,Chair Refined,92,417,7.0
275,Car Intelligent,92,212,11.0
276,Towels Gorgeous,92,218,15.0
276,Towels Gorgeous,92,362,15.0
277,Mouse Oriental,93,98,10.0
277,Mouse Oriental,93,320,10.0
277,Mouse Oriental,93,429,10.0
278,Pants Fantastic,93,96,14.0
278,Pants Fantastic,93,127,14.0
278,Pants Fantastic,93,289,14.0
279,Chair Recycled,93,4,6.0
279,Chair Recycled,93,312,6.0
279,Chair Recycled,93,332,6.0
280,Soap Gorgeous,94,31,9.0
280,Soap Gorgeous,94,62,9.0
280,Soap Gorgeous,94,74,9.0
280,Soap Gorgeous,94,92,9.0
280,Soap Gorgeous,94,155,9.0
280,Soap Gorgeous,94,294,9.0
280,Soap Gorgeous,94,433,9.0
280,Soap Gorgeous,94,473,9.0
281,Car Licensed,94,74,7.0
281,Car Licensed,94,82,7.0
281,Car Licensed,94,129,7.0
281,Car Licensed,94,315,7.0
281,Car Licensed,94,484,7.0
282,Shirt Generic,94,31,6.0
282,Shirt Generic,94,99,6.0
282,Shirt Generic,94,123,6.0
282,Shirt Generic,94,233,6.0
283,Sausages Sleek,95,102,7.0
283,Sausages Sleek,95,176,7.0
283,Sausages Sleek,95,205,7.0
283,Sausages Sleek,95,228,7.0
283,Sausages Sleek,95,453,7.0
284,Sausages Rustic,95,185,14.0
284,Sausages Rustic,95,284,14.0
284,Sausages Rustic,95,360,14.0
284,Sausages Rustic,95,489,14.0
285,Cheese Tasty,95,126,9.0
285,Cheese Tasty,95,391,9.0
285,Cheese Tasty,95,411,9.0
286,Computer Handcrafted,96,32,9.0
286,Computer Handcrafted,96,101,9.0
286,Computer Handcrafted,96,158,9.0
286,Computer Handcrafted,96,170,9.0
286,Computer Handcrafted,96,467,9.0
287,Mouse Incredible,96,234,10.0
288,Pants Gorgeous,96,17,6.0
289,Mouse Electronic,97,206,14.0
289,Mouse Electronic,97,325,14.0
289,Mouse Electronic,97,443,14.0
290,Chicken Awesome,97,2,8.0
290,Chicken Awesome,97,66,8.0
290,Chicken Awesome,97,125,8.0
290,Chicken Awesome,97,174,8.0
290,Chicken Awesome,97,213,8.0
290,Chicken Awesome,97,258,8.0
290,Chicken Awesome,97,271,8.0
290,Chicken Awesome,97,331,8.0
290,Chicken Awesome,97,338,8.0
290,Chicken Awesome,97,341,8.0
290,Chicken Awesome,97,369,8.0
290,Chicken Awesome,97,418,8.0
291,Towels Small,97,55,11.0
291,Towels Small,97,119,11.0
291,Towels Small,97,154,11.0
291,Towels Small,97,255,11.0
291,Towels Small,97,322,11.0
292,Soap Oriental,98,114,6.0
292,Soap Oriental,98,330,6.0
292,Soap Oriental,98,400,6.0
292,Soap Oriental,98,409,6.0
292,Soap Oriental,98,483,6.0
293,Shoes Practical,98,19,14.0
293,Shoes Practical,98,380,14.0
294,Gloves Ergonomic,98,185,6.0
294,Gloves Ergonomic,98,194,6.0
294,Gloves Ergonomic,98,236,6.0
294,Gloves Ergonomic,98,274,6.0
296,Cheese Bespoke,99,492,7.0
297,Table Small,99,301,8.0
298,Hat Recycled,100,1,5.0
298,Hat Recycled,100,267,5.0
298,Hat Recycled,100,285,5.0
298,Hat Recycled,100,407,5.0
298,Hat Recycled,100,498,5.0
299,Pants Sleek,100,425,9.0
300,Cheese Refined,100,2,7.0
300,Cheese Refined,100,438,7.0
301,Keyboard Tasty,101,117,8.0
301,Keyboard Tasty,101,121,8.0
301,Keyboard Tasty,101,158,8.0
301,Keyboard Tasty,101,434,8.0
302,Fish Rustic,101,485,13.0
303,Soap Modern,101,465,9.0
304,Salad Sleek,102,94,7.0
304,Salad Sleek,102,133,7.0
304,Salad Sleek,102,375,7.0
305,Salad Incredible,102,28,9.0
305,Salad Incredible,102,53,9.0
305,Salad Incredible,102,468,9.0
305,Salad Incredible,102,472,9.0
306,Chair Sleek,102,443,6.0
307,Chips Small,103,61,10.0
307,Chips Small,103,204,10.0
307,Chips Small,103,286,10.0
308,Car Generic,103,37,5.0
308,Car Generic,103,48,5.0
308,Car Generic,103,134,5.0
308,Car Generic,103,259,5.0
308,Car Generic,103,455,5.0
309,Mouse Gorgeous,103,27,7.0
309,Mouse Gorgeous,103,173,7.0
310,Shoes Recycled,104,203,9.0
310,Shoes Recycled,104,263,9.0
310,Shoes Recycled,104,385,9.0
310,Shoes Recycled,104,415,9.0
310,Shoes Recycled,104,459,9.0
311,Tuna Bespoke,104,96,7.0
311,Tuna Bespoke,104,103,7.0
311,Tuna Bespoke,104,172,7.0
311,Tuna Bespoke,104,195,7.0
311,Tuna Bespoke,104,220,7.0
311,Tuna Bespoke,104,244,7.0
311,Tuna Bespoke,104,252,7.0
312,Computer Luxurious,104,59,11.0
312,Computer Luxurious,104,242,11.0
